{
    "Modules": {
        "...MASTER...": {
            "start_perf": [
                0.79612898826599121,
                0.28344999999999998,
                0.29321000000000003,
                244848,
                246684,
                1585578571.0906129,
                15352400085063268
            ],
            "child_modules": {
                "_vcs_unit__3776801827": 1,
                "toplevel_testbench": 1,
                "std": 1,
                "shifter": 1
            },
            "nMops": 5,
            "end_perf": [
                0.8177030086517334,
                0.28498899999999999,
                0.30025600000000002,
                244860,
                246684,
                15352400136790456,
                0,
                0
            ],
            "nQuads": 3,
            "nRouts": 7
        },
        "_vcs_unit__3776801827": {
            "Compiled Times": 27,
            "start_perf": [
                0.81785917282104492,
                0.28506500000000001,
                0.30033700000000002,
                244860,
                246684,
                1585578571.1123431,
                15352400137188840
            ],
            "child_modules": {},
            "Compiled": "Yes",
            "nMops": 0,
            "end_perf": [
                0.83307909965515137,
                0.28506500000000001,
                0.30400199999999999,
                244876,
                246684,
                15352400173646518,
                4294967297,
                0
            ],
            "nQuads": 0,
            "nRouts": 5
        },
        "std": {
            "start_perf": [
                0.83313918113708496,
                0.28506500000000001,
                0.30406300000000003,
                244876,
                246684,
                1585578571.1276231,
                15352400173765456
            ],
            "Compiled Times": 126,
            "child_modules": {},
            "Compiled": "Yes",
            "svclass": [
                "$vcs_nba_dyn_obj",
                0,
                37,
                2,
                2,
                0,
                "sigprop$$",
                0,
                37,
                2,
                2,
                0,
                "process",
                0,
                184,
                8,
                8,
                0,
                "event",
                0,
                36,
                2,
                2,
                0,
                "mailbox",
                0,
                99,
                9,
                9,
                0,
                "semaphore",
                0,
                69,
                5,
                5,
                0
            ],
            "nMops": 462,
            "end_perf": [
                0.83820509910583496,
                0.28695700000000002,
                0.30723600000000001,
                244876,
                246684,
                15352400185937856,
                8589934594,
                0
            ],
            "nQuads": 213,
            "nRouts": 33
        },
        "register_sync_0000": {
            "Compiled Times": 27,
            "start_perf": [
                0.83827018737792969,
                0.28698899999999999,
                0.30727100000000002,
                244876,
                246684,
                1585578571.1327541,
                15352400186069090
            ],
            "child_modules": {},
            "Compiled": "Yes",
            "nMops": 88,
            "end_perf": [
                0.84296107292175293,
                0.28736499999999998,
                0.30962600000000001,
                244876,
                246684,
                15352400197340246,
                21474836481,
                0
            ],
            "nQuads": 54,
            "nRouts": 12
        },
        "shifter": {
            "Compiled Times": 27,
            "start_perf": [
                0.86136317253112793,
                0.30466100000000002,
                0.31073400000000001,
                244876,
                246684,
                1585578571.1558471,
                15352400241438909
            ],
            "child_modules": {},
            "Compiled": "Yes",
            "nMops": 262,
            "end_perf": [
                0.86385107040405273,
                0.30488900000000002,
                0.31299199999999999,
                244876,
                246684,
                15352400247468150,
                34359738369,
                0
            ],
            "nQuads": 125,
            "nRouts": 17
        },
        "register_sync_0002": {
            "Compiled Times": 27,
            "start_perf": [
                0.84440302848815918,
                0.28858499999999998,
                0.30984899999999999,
                244876,
                246684,
                1585578571.1388869,
                15352400200767728
            ],
            "child_modules": {},
            "Compiled": "Yes",
            "nMops": 88,
            "end_perf": [
                0.84564018249511719,
                0.28970499999999999,
                0.30996499999999999,
                244876,
                246684,
                15352400203760190,
                21474836481,
                0
            ],
            "nQuads": 53,
            "nRouts": 12
        },
        "register_sync_0001": {
            "Compiled Times": 27,
            "start_perf": [
                0.84302115440368652,
                0.28739500000000001,
                0.30965799999999999,
                244876,
                246684,
                1585578571.1375051,
                15352400197515558
            ],
            "child_modules": {},
            "Compiled": "Yes",
            "nMops": 133,
            "end_perf": [
                0.84434318542480469,
                0.28855599999999998,
                0.30981799999999998,
                244876,
                246684,
                15352400200652728,
                21474836481,
                0
            ],
            "nQuads": 53,
            "nRouts": 12
        },
        "signed_adder_0000": {
            "Compiled Times": 27,
            "start_perf": [
                0.84570121765136719,
                0.28973599999999999,
                0.30999700000000002,
                244876,
                246684,
                1585578571.1401851,
                15352400203882048
            ],
            "child_modules": {},
            "Compiled": "Yes",
            "nMops": 2789,
            "end_perf": [
                0.86129498481750488,
                0.30462600000000001,
                0.310699,
                244876,
                246684,
                15352400241307866,
                30064771073,
                0
            ],
            "nQuads": 573,
            "nRouts": 36
        },
        "pe_0000": {
            "Compiled Times": 27,
            "start_perf": [
                0.86394500732421875,
                0.30498500000000001,
                0.31299199999999999,
                244876,
                246684,
                1585578571.1584289,
                15352400247631539
            ],
            "child_modules": {},
            "Compiled": "Yes",
            "nMops": 759,
            "end_perf": [
                0.86726808547973633,
                0.30660199999999999,
                0.314697,
                244876,
                246684,
                15352400255617182,
                38654705665,
                0
            ],
            "nQuads": 235,
            "nRouts": 22
        }
    },
    "CompUnits": {},
    "ObjArchives": [],
    "reusePaths": {
        "amcQw_d": {
            "icPath": "csrc"
        },
        "VhuCY_d": {
            "icPath": "csrc"
        },