{
    "Modules": {
        "...MASTER...": {
            "start_perf": [
                1.2981839179992676,
                0.328764,
                0.100927,
                244804,
                246640,
                1585578624.1426029,
                15352527262814403
            ],
            "nQuads": 3,
            "child_modules": {
                "_vcs_unit__3776801827": 1,
                "toplevel_testbench": 1,
                "std": 1,
                "shifter": 1
            },
            "end_perf": [
                1.497157096862793,
                0.33182800000000001,
                0.106265,
                245792,
                246640,
                15352527739828380,
                0,
                0
            ],
            "nMops": 5,
            "nRouts": 7
        },
        "pe_0000": {
            "start_perf": [
                1.7855479717254639,
                0.37917600000000001,
                0.116591,
                246780,
                246804,
                1585578624.629967,
                15352528431123078
            ],
            "nQuads": 235,
            "child_modules": {},
            "Compiled Times": 1,
            "Compiled": "Yes",
            "end_perf": [
                1.792794942855835,
                0.38536999999999999,
                0.11763899999999999,
                246780,
                246804,
                15352528448564517,
                38654705665,
                0
            ],
            "nMops": 759,
            "nRouts": 22
        },
        "_vcs_unit__3776801827": {
            "start_perf": [
                1.4973320960998535,
                0.33196100000000001,
                0.106307,
                245792,
                246640,
                1585578624.3417511,
                15352527740213433
            ],
            "nQuads": 0,
            "child_modules": {},
            "Compiled Times": 1,
            "Compiled": "Yes",
            "end_perf": [
                1.5910439491271973,
                0.33628400000000003,
                0.107045,
                246776,
                246780,
                15352527964911198,
                4294967297,
                0
            ],
            "nMops": 0,
            "nRouts": 5
        },
        "std": {
            "start_perf": [
                1.5911350250244141,
                0.33635300000000001,
                0.107067,
                246776,
                246780,
                1585578624.435554,
                15352527965072127
            ],
            "nQuads": 213,
            "child_modules": {},
            "Compiled Times": 1,
            "Compiled": "Yes",
            "end_perf": [
                1.678725004196167,
                0.34449999999999997,
                0.109429,
                246776,
                246800,
                15352528175073435,
                8589934594,
                0
            ],
            "svclass": [
                "$vcs_nba_dyn_obj",
                385,
                37,
                2,
                2,
                0,
                "sigprop$$",
                385,
                37,
                2,
                2,
                0,
                "process",
                1645,
                184,
                8,
                8,
                0,
                "event",
                462,
                36,
                2,
                2,
                0,
                "mailbox",
                848,
                99,
                9,
                9,
                0,
                "semaphore",
                656,
                69,
                5,
                5,
                0
            ],
            "nMops": 462,
            "nRouts": 33
        },
        "register_sync_0001": {
            "start_perf": [
                1.686237096786499,
                0.34894999999999998,
                0.109554,
                246780,
                246804,
                1585578624.5306561,
                15352528193054349
            ],
            "nQuads": 53,
            "child_modules": {},
            "Compiled Times": 1,
            "Compiled": "Yes",
            "end_perf": [
                1.6891810894012451,
                0.349883,
                0.111557,
                246780,
                246804,
                15352528200137499,
                21474836481,
                0
            ],
            "nMops": 133,
            "nRouts": 12
        },
        "register_sync_0000": {
            "start_perf": [
                1.6788010597229004,
                0.344559,
                0.109448,
                246776,
                246800,
                1585578624.5232201,
                15352528175245281
            ],
            "nQuads": 54,
            "child_modules": {},
            "Compiled Times": 1,
            "Compiled": "Yes",
            "end_perf": [
                1.6861639022827148,
                0.34889399999999998,
                0.10953599999999999,
                246780,
                246804,
                15352528192917459,
                21474836481,
                0
            ],
            "nMops": 88,
            "nRouts": 12
        },
        "toplevel_testbench": {
            "start_perf": [
                1.9988150596618652,
                0.45939200000000002,
                0.12142500000000001,
                246780,
                246804,
                1585578624.8432341,
                15352528942399824
            ],
            "nQuads": 7752,
            "child_modules": {
                "signed_adder_0000": 8,
                "register_sync_0002": 22,
                "CNN_ROM2": 1,
                "pe_0000": 64,
                "register_sync_0001": 72,
                "register_sync_0000": 2
            },
            "Compiled Times": 1,
            "Compiled": "Yes",
            "significant_routs": [
                [
                    37,
                    "T_VCSgd_bM7ax_4_0",
                    21014571,
                    9271,
                    2175
                ],
                [
                    57,
                    "T_VCSgd_bM7ax_5_0",
                    36446715,
                    15331,
                    3893
                ],
                [
                    146,
                    "R_VCSgd_bM7ax_92",
                    125662671,
                    1804,
                    417
                ]
            ],
            "end_perf": [
                2.2329440116882324,
                0.57539399999999996,
                0.12517300000000001,
                246780,
                246804,
                15352529503819509,
                55834574849,
                0
            ],
            "nMops": 22884,
            "nRouts": 362
        },
        "CNN_ROM2": {
            "start_perf": [
                1.7928800582885742,
                0.38543500000000003,
                0.117659,
                246780,
                246804,
                1585578624.6372991,
                15352528448702925
            ],
            "nQuads": 4689,
            "child_modules": {},
            "Compiled Times": 1,
            "Compiled": "Yes",
            "significant_routs": [
                [
                    18,
                    "T_VCSgd_q6JL2_4_0",
                    21197736,
                    9290,
                    2179
                ],
                [
                    35,
                    "T_VCSgd_q6JL2_5_0",
                    185116506,
                    15307,
                    3888
                ],
                [
                    98,
                    "R_VCSgd_q6JL2_62",
                    161842412,
                    469,
                    71
                ]
            ],