{
    "Modules": {
        "std": {
            "start_perf": [
                0.70195603370666504,
                0.39447900000000002,
                0.059660999999999999,
                286032,
                288100,
                1602540435.3971491,
                3673233848928
            ],
            "Compiled": "Yes",
            "nQuads": 213,
            "Compiled Times": 70,
            "svclass": [
                "$vcs_nba_dyn_obj",
                0,
                37,
                2,
                2,
                0,
                "sigprop$$",
                0,
                37,
                2,
                2,
                0,
                "process",
                0,
                184,
                8,
                8,
                0,
                "event",
                0,
                36,
                2,
                2,
                0,
                "mailbox",
                0,
                99,
                9,
                9,
                0,
                "semaphore",
                0,
                69,
                5,
                5,
                0
            ],
            "child_modules": {},
            "end_perf": [
                0.70389294624328613,
                0.39447900000000002,
                0.061598,
                286032,
                288100,
                3673240267380,
                8589934594,
                0
            ],
            "nMops": 462,
            "nRouts": 33
        },
        "register_sync_0002": {
            "nQuads": 53,
            "Compiled Times": 70,
            "Compiled": "Yes",
            "start_perf": [
                0.70843291282653809,
                0.39617999999999998,
                0.062403,
                286032,
                288100,
                1602540435.403626,
                3673255286152
            ],
            "child_modules": {},
            "nMops": 88,
            "end_perf": [
                0.70932793617248535,
                0.39707500000000001,
                0.062403,
                286032,
                288100,
                3673258269136,
                21474836481,
                0
            ],
            "nRouts": 12
        },
        "toplevel_tb": {
            "start_perf": [
                0.92548203468322754,
                0.60806400000000005,
                0.067570000000000005,
                286032,
                288100,
                1602540435.6206751,
                3673974153300
            ],
            "Compiled": "Yes",
            "nQuads": 9042,
            "Compiled Times": 55,
            "significant_routs": [
                [
                    46,
                    "T_VCSgd_CWUge_4_0",
                    16394026,
                    9271,
                    2175
                ],
                [
                    66,
                    "T_VCSgd_CWUge_5_0",
                    29643882,
                    15331,
                    3893
                ]
            ],
            "child_modules": {
                "CNN_ROM2": 1,
                "pe_0000": 64,
                "CNN_outMEM": 1,
                "register_sync_0002": 22,
                "register_sync_0000": 2,
                "register_sync_0001": 72,
                "signed_adder_0000": 8
            },
            "end_perf": [
                1.0586719512939453,
                0.67952199999999996,
                0.073514999999999997,
                287984,
                288100,
                3674415325388,
                73014444033,
                0
            ],
            "nMops": 26715,
            "nRouts": 384
        },
        "...MASTER...": {
            "nQuads": 15,
            "start_perf": [
                0.68003392219543457,
                0.393146,
                0.055580999999999998,
                286004,
                288100,
                1602540435.375227,
                3673161236606
            ],
            "child_modules": {
                "Mem_cnnin2": 1,
                "_vcs_unit__1804203956": 1,
                "toplevel_tb": 1,
                "std": 1,
                "shifter": 1,
                "Mem_cnnin1": 1
            },
            "nMops": 29,
            "end_perf": [
                0.69196391105651855,
                0.39447900000000002,
                0.057631000000000002,
                286016,
                288100,
                3673200774830,
                0,
                0
            ],
            "nRouts": 19
        },
        "register_sync_0000": {
            "nQuads": 54,
            "Compiled Times": 70,
            "Compiled": "Yes",
            "start_perf": [
                0.70394206047058105,
                0.39447900000000002,
                0.061647,
                286032,
                288100,
                1602540435.3991351,
                3673240415466
            ],
            "child_modules": {},
            "nMops": 88,
            "end_perf": [
                0.70742988586425781,
                0.39518300000000001,
                0.062397000000000001,
                286032,
                288100,
                3673251981994,
                21474836481,
                0
            ],
            "nRouts": 12
        },
        "Mem_cnnin2": {
            "nQuads": 15728,
            "Compiled Times": 8,
            "Compiled": "Yes",
            "start_perf": [
                0.78383684158325195,
                0.46748800000000001,
                0.066500000000000004,
                286032,
                288100,
                1602540435.4790299,
                3673505030428
            ],
            "child_modules": {},
            "nMops": 41788,
            "end_perf": [
                0.84457087516784668,
                0.5282,
                0.066520999999999997,
                286032,
                288100,
                3673706220504,
                55834574849,
                0
            ],
            "nRouts": 674
        },
        "pe_0000": {
            "nQuads": 234,
            "Compiled Times": 70,
            "Compiled": "Yes",
            "start_perf": [
                0.72064900398254395,
                0.40736600000000001,
                0.063434000000000004,
                286032,
                288100,
                1602540435.4158421,
                3673295746592
            ],
            "child_modules": {},
            "nMops": 746,
            "end_perf": [
                0.72242498397827148,
                0.40914099999999998,
                0.063434000000000004,
                286032,
                288100,
                3673301647172,
                38654705665,
                0
            ],
            "nRouts": 22
        },
        "_vcs_unit__1804203956": {
            "nQuads": 0,
            "Compiled Times": 4,
            "Compiled": "Yes",
            "start_perf": [
                0.69207286834716797,
                0.39447900000000002,
                0.057741000000000001,
                286016,
                288100,
                1602540435.3872659,
                3673201107448
            ],
            "child_modules": {},
            "nMops": 0,
            "end_perf": [
                0.70190906524658203,
                0.39447900000000002,
                0.059614,
                286032,
                288100,
                3673233694492,
                4294967297,
                0
            ],
            "nRouts": 5
        },
        "register_sync_0001": {
            "nQuads": 53,
            "Compiled Times": 70,
            "Compiled": "Yes",